Company Name,Main Product,Country,Website,Email
3DON.PL – Przemysł w TRZECH wymiarach,N/A,PL,N/A,N/A
3SOFT SA,N/A,PL,N/A,N/A
AABO-IDEAL Sp. z o.o.,N/A,PL,N/A,N/A
ABB ROBOTICS POLAND Sp. z o.o.,N/A,PL,N/A,N/A
ABH MASZYNY Sp. z o.o. Sp. k.,N/A,PL,N/A,N/A
ABPLANALP,N/A,PL,N/A,N/A
"AEP Rybicki, Zawada Sp.k.",N/A,PL,N/A,N/A
AGATHON AG,N/A,CH,N/A,N/A
AKOMAC MACHINERY GROUP,N/A,TR,N/A,N/A
ALFLETH ENGINEERING,,CH,https://www.alfleth.com/,polen@alfleth.com
ALIOTH S.r.l.,N/A,IT,N/A,N/A
ALZMETALL,N/A,DE,N/A,N/A
AM-PAK,N/A,PL,N/A,N/A
AMTRA Sp. z o.o.,N/A,PL,N/A,N/A
ANNN YANG,N/A,TW,N/A,N/A
ANTDATA Sp. z o.o. Sp. k.,N/A,PL,N/A,N/A
APS,N/A,PL,N/A,N/A
APVACUUM,N/A,PL,N/A,N/A
ARAMA Sp. z o.o.,N/A,PL,N/A,N/A
ARCO,N/A,PL,N/A,N/A
"ARKU MASCHINENBAU / ARKU
ECKOLD",N/A,DE,N/A,N/A
ASTAT,N/A,PL,N/A,N/A
ATLIX S.R.L.,N/A,IT,N/A,N/A
AUER POLSKA,N/A,PL,N/A,N/A
AUTO SUPER,N/A,TW,N/A,N/A
AVALON MACHINES Sp. z o.o.,N/A,PL,N/A,N/A
AVOGRANA Sp. z o.o.,N/A,PL,N/A,N/A
AWEXIM,N/A,PL,N/A,N/A
AZWEB MB,N/A,LT,N/A,N/A
AiQ Robotics Prosta S.A.,N/A,PL,N/A,N/A
"Anhui Suntay Heavy Industries & Mechanical Manufacture Co., Ltd",N/A,CN,N/A,N/A
Arkite,N/A,NL,N/A,N/A
Asservimenti Presse S.r.l,N/A,IT,N/A,N/A
Atlas Copco s.r.o.,N/A,SK,N/A,N/A
B3D,N/A,PL,N/A,N/A
BARAN Sp. z o.o.,N/A,PL,N/A,N/A
BAUMER Sp. z o.o.,N/A,PL,N/A,N/A
BECKHOFF AUTOMATION Sp. z o. o.,N/A,PL,N/A,N/A
BEHRINGER EISELE GmbH,N/A,DE,N/A,N/A
BEHRINGER,N/A,DE,N/A,N/A
BERND SIEGMUND,N/A,DE,N/A,N/A
BILZ Werkzeugfabrik GmbH & Co.KG,N/A,DE,N/A,N/A
BIURO INŻYNIERSKIE,N/A,PL,N/A,N/A
BNP SRL,N/A,IT,N/A,N/A
BODYCOTE POLSKA Sp. z o.o.,N/A,PL,N/A,N/A
BOLDRINI IMPORT EXPORT S.r.l.,N/A,IT,N/A,N/A
BOLTEX,N/A,PL,N/A,N/A
BOTEK,N/A,DE,N/A,N/A
BPI Global Bartłomiej Piejka,N/A,PL,N/A,N/A
BPR CURVATRICI,N/A,IT,N/A,N/A
BRUDERER AG,N/A,CH,N/A,N/A
BTC MASZYNY STOLARCZYK,N/A,PL,N/A,N/A
BALLUFF,N/A,PL,N/A,N/A
CADXPERT,N/A,PL,N/A,N/A
CASTOR UNIA GOSPODARCZA Sp. z o.o.,N/A,PL,N/A,N/A
CEMSA INTERNATIONAL S.r.l,N/A,IT,N/A,N/A
"CHANGZHOU GUANGXIN TOOLS CO., LTD.",N/A,CN,N/A,N/A
CHUMPOWER,N/A,TW,N/A,N/A
CLOOS-POLSKA,N/A,PL,N/A,N/A
COLD SPRAY TECH Sp. z o.o.,N/A,PL,N/A,N/A
CONBERG Sp. z o.o. Sp. k.,N/A,PL,N/A,N/A
COSTA LEVIGATRICI S.p.A.,N/A,IT,N/A,N/A
CRYONOMIC - ARTIMPEX N.V.,N/A,BE,N/A,N/A
CUBE SYSTEMS SPÓŁKA Z OGRANICZONĄ ODPOWIEDZIALNOŚCIĄ,N/A,PL,N/A,N/A
CY-LASER HQ,N/A,IT,N/A,N/A
Centrum Maszyn CNC | Fanuci & Falcon,N/A,PL,N/A,N/A
Continental Diamond Tool Limited,N/A,GB,N/A,N/A
DATRON AG,N/A,DE,N/A,N/A
DAVI,N/A,IT,N/A,N/A
DBR 77 Robotics Sp. z o.o.,N/A,PL,N/A,N/A
DEMATEC POLSKA,N/A,PL,N/A,N/A
DIATEC DIAMANTTECHNIK,N/A,DE,N/A,N/A
"DIEFFENBACHER - CZ, hydraulické lisy, s. r. o.",N/A,CZ,N/A,N/A
DIG ŚWITAŁA,N/A,PL,N/A,N/A
DIPER,N/A,ES,N/A,N/A
DKI / CONTI,N/A,IT,N/A,N/A
DOLEZYCH,N/A,PL,N/A,N/A
DOMOWE SANATORIUM Sp. z o.o.,N/A,PL,N/A,N/A
DPIdea Spółka z ograniczoną odpowiedzialnością,N/A,PL,N/A,N/A
DTS Solutions UAB,N/A,LT,N/A,N/A
DYNOBEND B.V.,N/A,NL,N/A,N/A
DIETRONIC,N/A,IT,N/A,N/A
Dobot Europe GmbH,N/A,DE,N/A,N/A
ECKOLD GmbH & Co. KG,N/A,DE,N/A,N/A
ECO-LINE Sp. z o.o.,N/A,PL,N/A,N/A
ECOCLEAN,N/A,DE,N/A,N/A
ECOROLL AG,N/A,DE,N/A,N/A
EFAFLEX POLSKA,N/A,PL,N/A,N/A
ELAMED Sp. z o.o.,N/A,PL,N/A,N/A
ELOKON Sp. z o.o.,N/A,PL,N/A,N/A
ELTEN,N/A,DE,N/A,N/A
ELTRON SP. Z O.O. SP.K.,N/A,PL,N/A,N/A
EMCO CNC POLSKA Sp. z o.o.,N/A,PL,N/A,N/A
EMG PRESSES,N/A,FR,N/A,N/A
EMPTMEYER POLSKA Sp. z o.o.,N/A,PL,N/A,N/A
EPSON EUROPE BV,N/A,NL,N/A,N/A
EROWA TECHNOLOGY Sp. z o.o.,N/A,PL,N/A,N/A
ESCO SA,N/A,CH,N/A,N/A
EUCHNER Sp. z o.o.,N/A,PL,N/A,N/A
EUROIMPIANTI POLSKA Sp. z o.o.,N/A,PL,N/A,N/A
EUROMETAL,N/A,PL,N/A,N/A
EUROPA SYSTEMS,N/A,PL,N/A,N/A
"Eurocrane (China) Co., Ltd.",N/A,CN,N/A,N/A
FABRITY S.A.,N/A,PL,N/A,N/A
FAGOR ARRASATE S. COOP.,N/A,ES,N/A,N/A
FANUC Polska Sp. z o.o.,N/A,PL,N/A,N/A
FARSOON EUROPE,N/A,DE,N/A,N/A
FLEXIMO SPÓŁKA Z OGRANICZONĄ ODPOWIEDZIALNOŚCIĄ,N/A,PL,N/A,N/A
FLSTECH Sp. z o.o.,N/A,PL,N/A,N/A
FORUM MEDIA POLSKA Sp. z o.o.,N/A,PL,N/A,N/A
FPT,N/A,IT,N/A,N/A
FUHR GmbH & Co. KG,N/A,DE,N/A,N/A
"Foshan Huibaisheng Laser Technology Co., Ltd.",N/A,CN,N/A,N/A
G.A.D.E. S.R.L.,N/A,IT,N/A,N/A
GALDABINI,N/A,IT,N/A,N/A
GASPARINI S.p.a.,N/A,IT,N/A,N/A
GEORG RENDER,N/A,DE,N/A,N/A
GERBER RENÉ AG,N/A,CH,N/A,N/A
GERIMA GmbH,N/A,DE,N/A,N/A
GFG POLSKA,N/A,PL,N/A,N/A
GIMAX Srl,N/A,IT,N/A,N/A
GM AUTOMATYKA,N/A,PL,N/A,N/A
GSMT Bartosz Morawski,N/A,PL,N/A,N/A
GUDEL,N/A,PL,N/A,N/A
GUSS-EX,N/A,PL,N/A,N/A
Graichen Produktions- und Vertriebs GmbH,N/A,DE,N/A,N/A
"Guangzhou Teyu Electromechanical Co., Ltd.",N/A,CN,N/A,N/A
HAAS,N/A,PL,N/A,N/A
HAINBUCH,N/A,DE,N/A,N/A
HANVAC GmbH,N/A,DE,N/A,N/A
HATEBUR UMFORMMASCHINEN,N/A,CH,N/A,N/A
HELPI OPTICS Sp. z o.o.,N/A,PL,N/A,N/A
HERMANN BILZ GmbH & Co. KG,N/A,DE,N/A,N/A
HERZ AUTOMATION & ENGINEERING,N/A,PL,N/A,N/A
HEULE Werkzeug AG,N/A,CH,N/A,N/A
HIFI FILTER POLSKA,N/A,PL,N/A,N/A
HIWIN,N/A,DE,N/A,N/A
HIZMET,N/A,PL,N/A,N/A
HOUFEK,N/A,CZ,N/A,N/A
HWR Spanntechnik GmbH,N/A,DE,N/A,N/A
HYDRON hydraulika siłowa Mariusz Sząszor,N/A,PL,N/A,N/A
Hürsan Press,N/A,TR,N/A,N/A
I.M.V.PRESSE s.r.l.,N/A,IT,N/A,N/A
IDEAL-WERK C.+ E. JUNGEBLODT,N/A,DE,N/A,N/A
IFP EUROPE Srl,N/A,IT,N/A,N/A
IGUS Sp. z o.o.,N/A,PL,N/A,N/A
IMI INTERNATIONAL Sp. z o.o.,N/A,PL,N/A,N/A
IMOBERDORF AG,N/A,CH,N/A,N/A
INDUSTRY MEDIA Sp. z o.o.,N/A,PL,N/A,N/A
INSIZE POLAND Sp. z o.o.,N/A,PL,N/A,N/A
INTERPOLER,N/A,PL,N/A,N/A
INTREX,N/A,PL,N/A,N/A
ISTECH SEGATRICI S.R.L.,N/A,IT,N/A,N/A
ITT-TECHNIKA OBRABIARKI CNC Sp. z o.o.,N/A,PL,N/A,N/A
"JINAN BODOR CNC MACHINE CO., LTD.",N/A,CN,N/A,N/A
JURA POLAND Sp. z o.o.,N/A,PL,N/A,N/A
Franz Kessler GmbH,N/A,DE,N/A,N/A
KEYENCE INTERNATIONAL,N/A,BE,N/A,N/A
KIESOW,N/A,PL,N/A,N/A
KING TONY POLSKA,N/A,PL,N/A,N/A
KINKELDER B.V.,N/A,NL,N/A,N/A
KOGNITA Sp. z o.o.,N/A,PL,N/A,N/A
KOPAKO,N/A,PL,N/A,N/A
"KUNSHAN LIYUANXIN METAL PRODUCTS CO., LTD.",N/A,CN,N/A,N/A
"KUNSHAN OMATEI MECHANICAL AND ELECTRICAL EQUIPMENT CO., LTD.",N/A,CN,N/A,N/A
KUNZMANN MASCHINENBAU GMBH,N/A,DE,N/A,N/A
KWG GROUP Sp. z o.o.,N/A,PL,N/A,N/A
LAK - SERWIS NATALIA RATKIEWICZ,N/A,PL,N/A,N/A
LASER FACTOR SPÓŁKA Z OGRANICZONĄ ODPOWIEDZIALNOŚCIĄ,N/A,PL,N/A,N/A
LASIT LASER POLSKA Sp. z o.o.,N/A,PL,N/A,N/A
LASKA TECHNIKA PRZEMYSŁOWA SP. Z O.O.,N/A,PL,N/A,N/A
"LISHUI CITY YONGRUN PRECISION MACHINERY CO., LTD.",N/A,CN,N/A,N/A
LISTA AG,N/A,CH,N/A,N/A
LOTNIK,N/A,PL,N/A,N/A
LW TECHNIC Sp. z o.o.,N/A,PL,N/A,N/A
"Luoyang Bing Yan Laser Equipment Co., Ltd.",N/A,CN,N/A,N/A
MA.TE.,N/A,IT,N/A,N/A
MADE-IN-CHINA.COM,N/A,CN,N/A,N/A
MADORA Sp. z o.o.,N/A,PL,N/A,N/A
MARBAD,N/A,PL,N/A,N/A
MASKLOGIK CONVERTING Sp. z o.o.,N/A,PL,N/A,N/A
MASZYNY-POLSKIE.PL,N/A,PL,N/A,N/A
MATTER S.R.L,N/A,IT,N/A,N/A
MATURE FILTERS POLAND SPÓŁKA Z OGRANICZONĄ ODPOWIEDZIALNOŚCIĄ,N/A,PL,N/A,N/A
MDT WADOWSKI sp.k.,N/A,PL,N/A,N/A
MEDIA4BUSINESS Sp. z o.o.,N/A,PL,N/A,N/A
MEGA,N/A,TW,N/A,N/A
MEGAN,N/A,PL,N/A,N/A
MEMOLI BENDING MACHINES,N/A,IT,N/A,N/A
METAL PLAST Zdzisław Oelrich,N/A,PL,N/A,N/A
METAL TEAM Sp. z o.o. Sp.K.,N/A,PL,N/A,N/A
MIRWENT Sp. z o.o.,N/A,PL,N/A,N/A
MITEGRA SPÓŁKA Z OGRANICZONĄ ODPOWIEDZIALNOŚCIĄ,N/A,PL,N/A,N/A
MOCAP,N/A,GB,N/A,N/A
MONNIER + ZAHNER AG,N/A,CH,N/A,N/A
MOTOFIL,N/A,PT,N/A,N/A
MU-TOOLS SA,N/A,CH,N/A,N/A
MURRELEKTRONIK Sp. z o.o.,N/A,PL,N/A,N/A
MV CENTER SYSTEMY WIZYJNE,N/A,PL,N/A,N/A
Monitor ERP System Polska Sp. z o.o.,N/A,PL,N/A,N/A
NACHI EUROPE GmbH,N/A,JP,N/A,N/A
NIKKEN Deutschland GmbH,N/A,DE,N/A,N/A
NOYEN Sp. z o.o.,N/A,PL,N/A,N/A
Norbar,N/A,GB,N/A,N/A
OBERON Robert Dyrda,N/A,PL,N/A,N/A
"OMCG
OMCG",N/A,IT,N/A,N/A
"OMEGA SYSTEM L.POLAKOWSKI, M.SERAFIŃSKA-POLAKOWSKA s.c.",N/A,PL,N/A,N/A
OMERA S.r.L.,N/A,IT,N/A,N/A
OMNA UAB,N/A,LT,N/A,N/A
OPTOTOM INSTRUMENTS SYKUŁA I WSPÓLNICY S.K.A.,N/A,PL,N/A,N/A
OPTOTOM Tomasz Sykuła,N/A,PL,N/A,N/A
P.A.T. BUGAŁA SPÓŁKA KOMANDYTOWA,N/A,PL,N/A,N/A
PEM Europe,N/A,IE,N/A,N/A
PENNY GONDEK,N/A,PL,N/A,N/A
PETER LEHMANN AG,N/A,CH,N/A,N/A
PFERD - VSM Sp. z o.o.,N/A,PL,N/A,N/A
PILZ POLSKA Sp. z o.o.,N/A,PL,N/A,N/A
PNEUMAT SYSTEM Sp. z o.o.,N/A,PL,N/A,N/A
POLARIS ENGINEERING Sp. z o.o.,N/A,PL,N/A,N/A
POLCOM Przemysław Kimla,N/A,PL,N/A,N/A
POLTECHNIK Sp. z o.o. Sp. k.,N/A,PL,N/A,N/A
POLWELT Sp. z o.o.,N/A,PL,N/A,N/A
PRAMARK,N/A,CZ,N/A,N/A
PROALPHA POLSKA Sp. z o.o.,N/A,PL,N/A,N/A
PROTEKT,N/A,PL,N/A,N/A
TRAK,N/A,PL,N/A,N/A
PSI POLSKA,N/A,PL,N/A,N/A
Panasonic Industry Europe GmbH,N/A,DE,N/A,N/A
Polska Izba Konstrukcji Stalowych,N/A,PL,N/A,N/A
POLSKO-SZWAJCARSKA IZBA GOSPODARCZA,N/A,PL,N/A,N/A
PLASMET,N/A,PL,N/A,N/A
ELMAT,N/A,PL,N/A,N/A
"QINGDAO BAOXING STEEL CO., LTD.",,CN,https://www.baoxing-steel.com,
"QINGDAO GREATWALL INDUSTRY CO.,LTD",,CN,https://www.greatwallfabrics.com/,
R&W TECH SRL,,IT,https://www.switala.pl,
RAION AUTOMATYKA Sp. z o.o.,,PL,,
RAVEN MEDIA Sp. z o.o.,,PL,http://www.magazynprzemyslowy.pl,
RAYNET s.r.o.,,CZ,https://raynetcrm.pl/kontakt/,
RAYTRON LASER,,CN,http://www.btc-maszyny.pl,
RAZIOL ZIBULLA & SOHN,,DE,https://www.raziol.com,
ROESLER OBERFLAECHENTECHNIK,,DE,https://www.awexim.pl,
ROLLICO ROLLING COMPONENTS Sp. z o.o. sp.k.,,PL,,
ROTA GROUP,,IT,https://www.switala.pl,
RoTec Polska  Sp. z o.o.,,PL,http://www.schenck-rotec.pl,
Rollomatic SA,,CH,https://www.rollomatic.ch/,
SAFANDARLEY B.V.,,NL,http://www.safandarley.com,
SAFECHEM EUROPE,,DE,https://www.safechem-europe.com,
SAMWAY Polska Paulina Sząszor,,PL,,
SAP-WELD,,PL,"https://www.sapweld.pl, www.sap-weld.pl",
SCHAUBLIN SA,,CH,https://www.schaublin.ch,
SCHENCK ROTEC,,DE,http://www.schenck-rotec.pl,
SCHMALZ Sp. z o.o.,,PL,,
SCHMIEDEWERK STOOSS GmbH,,DE,https://www.swisschamber.pl,
SCHWARZE-ROBITEC,,DE,http://www.polwelt.pl,
SCITEEX,,PL,http://www.sciteex.com  ,
SECKLER AG,,CH,https://www.seckler.ch,
SEEN DISTRIBUTION,,PL,https://www.seen.com.pl,
SENSE CONSULTING Sp. z o.o.,,PL,http://senseconsulting.pl,
"SHANGHAI KING-ND MAGNET CO., LTD.",,CN,https://www.shanghaimagnet.com,
SMARTTECH Sp. z o.o.,,PL,,
SMS MASCHINENBAU GMBH,,DE,https://www.sms-gmbh.de,
SOHBI CRAFT POLAND Sp. z o.o.,,PL,http://sohbilean.com,
SONING Sp. z o.o.,,PL,https://www.soning.eu/,
SORED SA,,CH,https://www.swisschamber.pl,
STALVO Sp. z o.o.,,PL,https://WWW.STALVO.PL,
STAM,,IT,http://www.btc-maszyny.pl,
STAR TECHNOLOGY S.r.l.,,IT,https://www.switala.pl,
STELMIT EXIM SRL,,RO,,
STENHOJ HYDRAULIK A/S,,DK,http://www.stenhoj.dk,
STIGAL,,PL,https://www.stigal.pl,
STM WaterJet Solutions,,AT,http://stm-waterjet.com,
STOECKEL Werkzeugmaschinen GmbH,,DE,http://www.stoeckel.de,
STURMER MASZYNY Sp. z o.o.,,PL,,
SWISSTOOL SYSTEM AG,,CH,https://www.swisstools.org,
Sacform AGM LINE,,TR,http://www.btc-maszyny.pl,
Sarix SA,,CH,http://www.sarix.com,
"Shandong Hengqiao Energy Industrial Co., Ltd.",,CN,https://www.hengqiaocarbon.com,
"Shenzhen RelFar Intelligent Technology Co., LTD.",,CN,https://www.relfar.com,
"Shenzhen STHL Technology Co., Ltd.",,CN,https://www.pcba-china.com,
Sieć Badawcza Łukasiewicz - Poznański Instytut Technologiczny,,PL,,
Staleo.pl – Stale o Przemyśle,,PL,https://staleo.pl/,
Stowarzyszenie Inżynierów i Techników Mechaników Polskich - Zarząd Główny Redakcja Mechanik  Agenda,,PL,,
Stowarzyszenie Polskiego Przemysłu Emalierskiego,,PL,http://www.sppe.com.pl,
"TAIKAN INTELLIGENT EQUIPMENT (SHENZHEN) CO., LTD.",,CN,https://www.taikanmachine.com,
"TAIZHOU HONGYI PRECISION TOOLS CO., LTD.",,CN,https://www.hywilson.com,
TANGRA,,PL,https://www.tangra.pl,
TARGA Łukasz Kielczyk,,PL,https://www.targa.pl,
TEAL MEDIA Rafał Wasilewski,,PL,http://www.nowoczesny-przemysl.pl,
TECHNIKA SPAWALNICZA,,PL,https://www.techspaw.com.pl,
TEMPSENS POLSKA Sp. z o.o.,,PL,https://tempsens.com/pl/contact-us/,
TENRYU Europe GmbH,,DE,https://www.awexim.pl,
TERRA COMPUTER Sp. z o.o.,,PL,,
TESKO STEEL Sp. z o.o.,,PL,,
TIDK Sp. z o.o.,,PL,,
TIMATE Sp. z o.o.,,PL,,
TL TECHNOLOGY,,CH,https://www.tltechnology-swiss.ch,
TMSYS Sp. z o.o.,,PL,"http://www.tmsys.pl, www.gstarcad.pl",
TOX PRESSOTECHNIK,,PL,https://www.tox-pl.com,
TROAX SAFETY SYSTEMS POLAND Sp. z o.o.,,PL,http://www.troax.com,
TSCHUDIN AG.,,CH,https://www.tschudin.com,
TUNGALOY POLSKA,,PL,https://www.awexim.pl,
TAITRA,,TW,https://www.taiwantrade.com,
TMBA,,TW,https://www.tmba.org.tw/,
"Taizhou Kelite Tools Co., Ltd.",,CN,https://www.kelite.cc,
Technologiniai valdymo sprendimai UAB,,LT,https://www.horasoee.eu/en,
UAB SOLITA,,LT,http://www.solita.lt,
ULTRATECNO - ULTRASONIDOS LOVER S.A.,,ES,http://www.schenck-rotec.pl,
ULTRON,,PL,https://www.ultron.pl,
"UNIVERSAL ROBOTS A/S, o. z.",,CZ,http://www.universal-robots.com,
UPMOVIOM,,ES,https://www.awexim.pl,
UniProSoft.pl,,PL,https://uniprosoft.pl,
Urząd Dozoru Technicznego,,PL,,
VARO SRL,,IT,https://www.switala.pl,
VERNET-BEHRINGER,,FR,https://www.awexim.pl,
VERTO JAROSŁAW WIĘCKOWSKI,,PL,,
VETTER,,DE,https://www.vettercranes.com,
VG Machines BVBA,,BE,http://vgbelgium.com,
Viezo,,LT,https://viezo.lt/contact-us/,
WAFIOS,,DE,https://www.tatje.com,
WAFIOS Umformtechnik GmbH,,DE,https://www.tatje.com,
WALMAZ STAMPI S.R.L.,,IT,https://www.switala.pl,
WEICON GmbH & Co. KG,,DE,,
WIKUS,,DE,https://www.awexim.pl,
WILHELM TATJE,,DE,https://www.tatje.com,
WIN SOURCE ELECTRONICS GmbH,,DE,https://www.win-source.group/,
WITELS ALBERT GmbH,,DE,https://www.tatje.com,
WIZZDEV PROSTA SA,,PL,http://wizzdev.com,
"WOLFGRIPP MAŁKOWSKI, PAWEŁCZAK, PRUCHNICKI Sp.j.",,PL,http://wolfgripp.pl,
WTO GmbH,,DE,,
Warcom SRL,,IT,http://www.btc-maszyny.pl,
WiTechs B.V.,,NL,https://www.tatje.com,
XWÓZEK Sp. z o.o.,,PL,https://www.czyszczeniespoin.pl,
"Xuzhou RITMAN Equipment Co,. LTD.",,CN,https://www.ritmangalvanizing.com/,
YASKAWA POLSKA,,PL,,
IK,,TW,https://www.yihkuan.com/en-US/,
ZABI Sp. z o.o.,,PL,http://www.zabi.pl,
ZAP-ROBOTYKA,,PL,http://www.fanuc.pl,
ZAYER,,ES,,
ZDT TOP PORĘBA  Sp. z o.o. Sp.k.,,PL,,
ZELLER AUTOMATIK AG,,CH,https://www.zamag.ch,
ZWWG SEALING ENGINEERING SERVICE S.C.,,PL,,
Zani S.p.A.,,IT,http://www.btc-maszyny.pl,
"Zhejiang Yuanpai Machine Tool Accessory Co., Ltd.",,CN,http://www.zjyuanpai.com/,
Zrobotyzowany.pl – Przemysł Zrobotyzowany,,PL,https://zrobotyzowany.pl/,
xTool,,CN,https://www.xtool.eu/,
