Country,Company Name,Website,Email,,Main Product
United States of America,BIG DAISHOWA,https://www.bigdaishowa.com,,,"BIG DAISHOWA designs, manufactures and markets high-precision tooling systems and solutions for the automotive, aerospace, medical, agriculture and energy industries. Our portfolio includes CNC tool holders, precision boring tools, cutting tools, too"
United States of America,Blue Photon Technology & Workholding Systems LLC,https://www.bluephotongrip.com,sales@bluephotongrip.com,,Blue Photon Technology & Workholding solves the most complex workholding challenges for manufacturers across a wide range of industries. Our revolutionary Adhesive Workholding® technology securely holds parts while eliminating the limitations of trad
United States of America,Haimer USA,https://www.haimer.com/us,media--4b61310e--query@2x.webp,,"HAIMER is a first class German Tool Holder manufacturer. From the basics of face-mill arbors and ER collet chucks, all the way up to High Precision Collet and Shrink Fit Chucks, HAIMER has the tools necessary to satisfy and exceed your machining cent"
United States of America,"Horn USA, Inc.",https://www.horn-group.com/us,info@us.horn-group.com,,"We turn technical ideas into precise, reliable machining results. Through advanced cutting materials, engineering, and application-driven solutions, we help manufacturers solve real problems, improve their processes, and move faster — because speed m"
United States of America,iSwiss Corporation,https://iswisstools.com/,sales@iswisstools.com,,iSwiss specializes in high quality tool & working and cutting tools. We created our business around providing customers the best quality with faster lead times.
United States of America,Kennametal Inc.,https://www.kennametal.com/us/en/home.html,email@address.com,,"Our story is one of continuous innovation. It starts in 1938 with our founder, metallurgist Philip M. McKenna, who after years of research created a tungsten-titanium carbide alloy specifically for cutting tools. That single development not only led "
United States of America,"SCHUNK, Inc.",https://www.schunk.com,,,"SCHUNK is a worldwide leader for equipping modern manufacturing and robot systems. More than 3,500 employees in 9 plants and 34 owned subsidiaries ensure an intensive market presence. With more than 11,000 standard components, SCHUNK offers the world"
United States of America,Scientific Cutting Tools,https://sct-usa.com/,info@sct-usa.com,,"Scientific Cutting Tools (SCT) is a family-owned American manufacturer based in southern California. Since 1963, we have designed and ground precision carbide cutting tools that deliver reliable accuracy, predictable tool life, and clean finishes in "
United States of America,SMW AUTOBLOK CORPORATION,https://www.smwautoblok.com/us/en,,,"Established in 1942, SMW Autoblok is a global leader of engineering and manufacturing high quality workholding, clamping, gripping, tooling and wireless induction technology for diverse industries including but not limited to: industrial equipment, a"
United States of America,3nine USA,https://www.3nine.us,info@3nine.de,,3nine is the world leader in “disc stack” separation for eliminating oil mist produced by CNC machines.  Our technology provides for a cleaner and healthier shop environment.
United States of America,5th Axis Inc.,https://www.5thaxis.com,workholding@5thaxis.com,,"Regarded as one of the world’s most innovative manufacturers, 5th Axis offers a full range of workholding solutions.  5th Axis’s product line includes vises, fixtures, dovetail cutters and the ever-popular Rock Lock quick-change system that provides "
United States of America,AB Tools Inc.,https://abtoolsinc.com/,mail@abtoolsinc.com,,"USA made since 1977, Special Cutting Tools, Home of the Shear Hog® & Accu-hold, Indexable Dovetails, O-Ring grooving tools, Keyseat cutters, Firearms tooling in stock & Specials to your specs in 5-6 workdays."
United States of America,ABS Import Tools Inc.,https://www.absimporttools.com,,,"Henry Xu founded ABS Import Tools in 1992 to provide high-quality tools and industrial supplies at competitive prices. With a 98% fill rate, the company ensures swift shipping and reliable service. ABS Import Tools now offers products from Dasqua and"
United States of America,ACCF International Inc - SLOKY USA,https://www.slokyusa.com,info@slokyusa.com,,"Sloky USA specializes in patented preset torque screwdrivers and adapters for all industries. Their color-coded, interchangeable tools ensure screws are accurately tightened to manufacturer-defined specifications, preventing part damage and guarantee"
Taiwan R.O.C.,"ACCU-CUT Industrial Co., Ltd",https://www.accu-cut.com.tw,accucut.sales@gmail.com,,
United States of America,Accutek,https://www.accutekusa.com,,,"Accutek® is a premier manufacturer of tool holding and work holding solutions. Given the constant evolution of tooling and machining technology plus the ever-increasing needs of our customers for greater accuracy and efficiency, Accutek is committed "
Lake Orion MI 48361,Achieve Technologies Inc,https://livetoolsdirect.com/,sales@livetoolsdirect.com,,"Founded in 2015, Achieve Technologies is a leader in CNC turrets, live tooling, and machine tool robot technology across North America. Our manufacturing engineering experts provide cross-brand service, diagnostics, lathe turret and CNC spindle rebui"
China,"ADVANCED NANO COATING TECHNOLOGY CO.,LTD.",https://www.czanc.com,leo.feng@vip.163.com,,
United States of America,AH Group,https://ahgroupna.com/,,,"AH Group (certified Minority Business Enterprise) is the global leader in industrial repair management solutions. AH currently serves major OEM and tier-one Fortune 500 companies in the Automotive, Food/Beverage, Retail, Oil & Gas, Equipment, and Con"
Boca Raton FL 33487,Air Turbine Tools,https://www.airturbinetools.com,,,"With power up to 1.4 hp Air Turbine Tools, Motors and Spindles® stay at rated 25,000 to 90,000 RPM in cut. These unique powerful direct drives operate with no heat, no duty cycle and no maintenance with ultra low vibration. Just connect 90 PSI and se"
United States of America,"Airflow Systems, Inc.",https://www.airflowsystems.com,,,"Airflow Systems, Inc., based in Dallas, TX, manufactures 100% American-made air filtration and source capture systems. Since 1985, they’ve provided dust, mist, fume, and exhaust removal solutions engineered for safety, compliance, and efficiency. The"
United States of America,Allied Machine & Engineering,https://www.alliedmachine.com,,,Allied Machine & Engineering Corp is a leading manufacturer of holemaking and finishing tooling systems. Allied devotes its advanced engineering and manufacturing capabilities to create the widest selection of value-added tooling available to metal-c
United States of America,"Aloris Tool Technology Co., Inc.",,,,
United States of America,AML,https://www.amlube.com,amlube@amlube.com,,"AML is an innovative, customer-driven manufacturer of AMLUBE metalforming lubricants, metalworking fluids, and protective coatings. We focus on environmentally responsible solutions that support performance, efficiency, and long-term reliability acro"
United States of America,AMSOIL Industrial,https://www.amsoilindustrial.com,,,"AMSOIL has more than five decades of proven performance engineering specialized lubricants designed to solve problems, improve productivity and maximize equipment life. Our Certified Lubrication Specialists leverage their industry and lubricant exper"
Czech Republic,"ANAJ Czech, a.s.",https://www.anaj.cz,anaj@anaj.cz,,"ANAJ Czech, a.s. (Ltd.) is currently one of the leading Czech companies focusing on manufacturing and sharpening of special tools for cutting operations in mechanical engineering."
United States of America,Armor Protective Packaging,https://www.armorvci.com,info@armorvci.com,,"Armor Protective Packaging provides clean, safe, easy and effective corrosion management products designed to Take the Work Out of Your Workday. ARMOR combines packaging materials (e.g., paper/poly film) with rust-preventing vapor corrosion inhibitor"
United States of America,ARNO-Werkzeuge USA LLC,https://arnousa.com/,,,Outstanding Solutions for Precision Turned Components.
United States of America,ASUENE/Nzero,https://nzero.com/,,,"Asuene is a climate-tech startup with the mission of \""To make a better world for next generations\"". Asuene provides the following services: Asuene, a carbon accounting platform ; Asuene ESG, a cloud service for ESG evaluation of supply chain procur"
Kearney NE 68847,Badass Workbench,https://www.badassworkbench.com,,,"Badass Workbench is a family owned company that is based in Kearney Nebraska. We manufacture the heaviest duty workbenches, welding tables, and cabinets on the market today!"
United States of America,"Beckett Packaging, a Division of MOCAP",https://www.beckettpackaging.com,,,"Beckett Packaging is a manufacturer of specialized protective plastic packaging & containers for applications including cutting tools, DIY, technical and consumer/retail. Our ever-expanding line of packaging solutions currently include round, square "
China,"Beijing Worldia Diamond Tools Co.,Ltd.",https://www.worldia-tools.com,info@worldia-tools.com,,"Worldia has become one of the leading, highly-recognized enterprises beyond China by focusing on technology, innovation, inhouse manufacturing process excellence and by meeting highest quality standards of global customers, continuously reviewing and"
United States of America,Belotti America Inc,https://www.belottiamerica.com,,,
Waluj,Birla Precision Technologies Limited,https://www.birlaprecision.com,,,"Birla Precision Technologies Ltd. provides industrial tooling solutions and was established in 1937 as one of India's first cutting tool manufacturers. Today, we manufacture a wide range of high-precision tools including High-Speed Steel Cutting Tool"
United States of America,BISON USA Corp.,https://www.bison-america.com,info@bison-america.com,,"BISON-BIAL, founded in 1948, is the largest manufacturer in Poland of technological tooling for manufacturing and has been a world leader in the machine tool accessory industry for decades. Bison produces a wide range of machine tool accessories used"
United States of America,Blaser Swisslube Inc.,https://blaser.com/,,,"Do you consider coolant to be a necessary evil? Productivity, economic efficiency and machining quality are all factors that critically depend on the choice and the quality of your metalworking fluid. With our profound know-how and experience, custom"
Roselle IL 60172,"Botek America, Inc.",https://www.botek.de/en/botek-america,,,"Your partner for precision and innovation botek is a leading global specialist for cutting tools based in Riederich, Germany. For over 50 years, we have specialized in the development and production of drilling tools, deep hole drilling tools, millin"
United States of America,C.M.T (USA) INDUSTRIAL INC,http://cmttool.com/,dm-yangzhou@300.cn,,
United States of America,Canela Corporation,https://www.canelacorp.com,,,"Focusing on turning, milling, and made-to-order cutting tools, Canela Corporation is dedicated to distributing the Canela Group's finest precision steel and carbide cutting tools available. As part of an engineering-focused company, Canela Corporatio"
United States of America,Carbinite Metal Coatings,https://www.carbinite.com,,,"Carbinite is a textured coating primarily used to increase friction and improve the performance of workholding. Carbinite can be applied to a wide variety of industrial applications and is metallurgically bonded to the base metal, guaranteed to not c"
United States of America,"Carmex Precision Tools, LLC",https://www.carmexusa.com,,,"Carmex Precision Tools specializes in carbide cutting tools for thread turning & thread milling. We offer a full line of tools for Swiss machines, including turning, back turning, grooving & parting."
United States of America,Carr Lane Manufacturing Co.,https://www.carrlane.com,cs@carrlane.com,,"Carr Lane Manufacturing is a world leader for standard tooling components including quick change tooling plates / accessories, toggle clamps, modular fixturing, and drill jig bushings."
United States of America,Castlebar Corporation,https://www.castlebar.us,,,"Castlebar is a certified service-disabled, veteran-owned company focused on supplying the best materials to US tooling manufacturers; and our quality system is ISO 9001:2015 registered. Our focus is on developing the highest quality carbide for your "
United States of America,CECOR,https://www.cecor.com,cecor@cecor.com,,
China,"CELETOGETHER MACHINERY(KUNSHAN)CO.,LTD.",https://www.celetogether.cn,,,
Horseheads NY 14845,"CemeCon, Inc.",https://www.cemecon.com/us/en,ryan.lake@cemecon.com,,"CemeCon is recognized worldwide as the industry leader in HiPIMS and diamond coatings. Providing cutting tool manufacturers with the coating service, coating equipment, process technology, and training needed for success. CemeCon is well-positioned t"
Charlotte NC 28217,CERATIZIT USA,https://www.ceratizit.com,,,"CERATIZIT USA designs and manufactures high quality standard and custom tooling for the metalworking industry. Part of the Plansee Group, CERATIZIT is one of the largest carbide manufacturers in the world. From powder to finished goods, the comprehen"
Taiwan R.O.C.,"CHAIN HEADWAY CO., LTD.",https://www.chainheadway.com,sales.tw@chain-headway.com,,"Chain Headway, established in 1992 in Taiwan, is dedicated to providing cutting-edge metal cutting solutions designed to enhance customer productivity. As a leading manufacturer of CNC cutting tools and inserts, we leverage our extensive know-how to "
United States of America,Champion Tool Storage,https://www.championbuilt.com,info@championbuilt.com,,"Champion Tool Storage manufactures premium USA made industrial storage and workspace solutions for aerospace, manufacturing, automotive, and defense industries. From modular cabinets and workbenches to mobile carts and integrated systems, Champion de"
Irwindale CA 91706,Chem Arrow/MotulTech,https://www.chemarrow.com,sales@chemarrow.com,,"Chem Arrow Corporation specializes in providing innovative solutions to complex metalworking issues by offering a full line of metalworking fluids, lubricants, industrial cleaners, and specialty chemical products."
China,"CHN-TOP SCI & TECH CO.,LTD",https://www.zhongtuo.net,,,"Specialized in diamond tools (PCD, PCBN, MD, ND, CVD) industries, PCD/PCBN tools’ grinders, vacuum brazing machines, laser cutting and engraving machines, laser processing center; Pre-machining services (PCD/PCBN laser cutting, tools brazing, chip br"
United States of America,"CMD International USA, LLC",https://www.cmdrill.com,,,"We offer high-precision and high-performance carbide micro drill bit solutions to serve aerospace, medical, automotive, 3C electronics, and engineering machinery applications. Look forward to B2B and distribution partnership in the North America and "
"About CMT Co.,Ltd.","CMT Co.,Ltd.",https://www.cometmt.co.kr/us/index.htm,,,"We are a manufacturer of cutting tool parts. We maintain stable and long-term partnerships with major companies such as KORLOY, DINE and TaeguTec as well as many other business partners, as we continue to grow together."
United States of America,"Cogsdill Tool Products, Inc.",https://cogsdill.com/,,,"Precision metalworking specialists: Our mission is to be the global leader in the precision tooling industry. Helping customers exceed their expectations through our enviable global experience, industry-defining products and an exceptionally friendly"
United States of America,Controx Inc,https://www.controx.com,,,"NEUHÄUSER Präzisionswerkzeuge GmbH is a sales, development and production-center serving all markets in Europe, Asia, Africa and South-America. CONTROX Inc. in Springfield, Ohio, is a 100% subsidiary of NEUHÄUSER and serves North and Central American"
United States of America,Core Cutter USA,https://www.corecutterusa.com,info@corecutterusa.com,,"Core Cutter, LLC is a family owned and operated high performance carbide cutting tool manufacturer located in Farmingdale, Maine. We manufacture a variety of standard, modified and custom-made solid carbide tooling with fast turnaround from print to "
Germany,CORRFLEXO e. K.,https://www.corrflexo.com,,,"Founded in Solingen, Germany—the world‑renowned “City of Blades”—CORRFLEXO e. K. brings over two decades of expertise as a globally trusted supplier of precision cutting and slitting solutions. We deliver customized end mills, drills, cutting inserts"
China,CORTOOL MANUFACTURING GROUP,https://www.cortool.cn,,,
Mumbai 400093,CP GRAT -EX MFG. CO.,https://deburringtools.com/,cpe@deburringtools.com,,Complete range of Hand Deburring Solutions
United States of America,Cutco Gifting,https://www.cutco.com/products/business-gifts,,,
Arlington Heights IL 60005,Cutting Tool Engineering Magazine,https://www.ctemag.com,,,"Cutting Tool Engineering magazine delivers authoritative, decision-driving insights for manufacturing professionals. Published nine times annually by CTE Publications Inc. in Arlington Heights, Illinois, its premium print edition anchors a growing di"
Canada,CVD Diamond Corporation,https://www.cvddiamond.com,,,"CVD Diamond Corporation offers Diamond Coated tools for the machining of Graphite, Composite Materials, Green Ceramics, Green Carbide, and other Abrasive, Non-Ferrous Materials, using proprietary technology."
Medford OR 97501,Darex LLC,https://www.darex.com,industrialsupport@darex.comsales,,Darex is the leader in designing and manufacturing affordable precision Industrial Drill Sharpeners for 50 years!
United States of America,Daubert Cromwell,https://www.daubertcromwell.com,,,"Daubert Cromwell is a global manufacturer of Volatile Corrosion Inhibitor (VCI) protection for metals. VCI packaging papers, poly films, rust preventive liquids and emitters protect metals from corrosion during all stages of manufacture, storage and "
United States of America,Delton International USA Inc.,,,,"Delton USA is a one-stop supplier, located in Rochester MI, with office and inventory facilities. We are committed to customer satisfaction and offer high quality products based on the manufacturing customers' request. Our sales team can offer you gr"
United States of America,Diametal Inc.,https://www.diametal.com,,,"Diametal is a high-end manufacturer of custom and standard cutting tools, and abrasives/grinding wheels based in Switzerland with US offices. We focus on competitive pricing and realistic lead times. Products include tools for turning, micro fabricat"
United States of America,Dorian Tool International,https://www.doriantool.com,,,"“Tomorrow’s Technology in Today’s Machine Tools”, is Dorian Tool’s vision and guiding principle. By developing new ideas and promoting new technology, Dorian Tool has continuously improved its products, service, technical support, and delivery to cus"
United States of America,Drill Masters - Eldorado Tool Inc.,https://dmetool.com/,,,"DMETool is one of the largest manufacturers of deep hole gun drilling tools, reamers, buttons, mandrels, fixtures, and accessories in the world. Global customers include the automotive, aerospace, medical, firearms, and molding industries. Our focus "
United States of America,Elliott Tool Technologies,https://www.elliott-tool.com,sales@elliott-tool.com,,"Elliott Tool Technologies is a leading supplier for ""Quality specialty tools for an 'I need it yesterday' world."" With 24 hour support, our team is committed to providing exceptional customer service, emphasizing on-time shipping and reliable stock a"
United States of America,Engineered Lubricants,https://www.ENGLUBE.com,,,"Since 1967, St. Louis-based Engineered Lubricants has been an independent manufacturer of lubricants, metalworking fluids, rust preventatives and cleaners. Providing products and services across the globe, EL formulates products specific to its custo"
United States of America,ETP Transmission Inc.,https://etpinc.com/,sales@etpinc.com,,"ETP Transmission AB, after being in business for more than 35 years, has successfully developed products for 3 business or application areas."
Republic of Korea,"EUNSUNG CO., LTD.",https://www.eunsungind.co.kr,,,"Eunsung Co., LTD was established in 1992 to manufacture and distribute the wire rods made of non-ferrous metals and special alloys as EDM WIRE, BRASS WIRE, COPPER WIRE etc.."
United States of America,Euro-Tech Corporation,https://eurotechcorp.com/,,,"Distributor of unique German-engineered tooling & workholding gages and accessories including mechanical and hydraulic expansion arbors and chucks; clamping sleeves; gaging for splines, gears and other toothed profiles. Our products enhance productio"
United States of America,Everede Tool Co.,https://www.everede.net,johndoe@gmail.com,,Everede is a Manufacturer of Indexable Boring Bars and Inserts.
Taiwan R.O.C.,"EVERMORE MACHINE CO., LTD.",https://www.evermore-tools.com,info@evermore-tools.com,,"Established in 1979 specializing in the manufacture of Keyless Drill Chucks, VDI / BMT turning/milling live holders, and in 2002 producing CNC tool holder, Boring tooling, HSK&PSC holders and other precision accessories. Evermore is a trusted supplie"
United States of America,Extramet,https://www.extramet.net,info@extramet.net,,"Extramet Products is an independently owned and operated company created for the sole purpose of its customer’s success. The company stocks the finest European and American carbide materials in rod and shape form. We do cutting, center less and form "
United States of America,ExxonMobil,https://info.lubricants.mobil.ca/ca-en/industrial/hub#fill-with-mobil,,,
Canada,FCS North America Inc.,https://www.fcssystem.com,,,"FCS System is the manufacturer of the original Breyl clamping system, composed of modular elements to adapt to the different shapes and sizes of the workpieces to be machined, allows you to choose the best clamping setup in the virtual CAD/CAM phase "
United States of America,Fixtureworks,https://www.fixtureworks.com,,,Fixtureworks manufactures and supplies a wide assortment of unique industrial products that range from modular fixturing components and workholding devices to standard machine elements.
Taiwan R.O.C.,"Flair Machinery Accessory Co., Ltd.",https://www.flair.com.tw,flairpump@gmail.com,,"Flair factory located in Taichung city of Taiwan. Head company Chang Steel Electronic & Machine Tools Co., Ltd. and Flair Machinery Accessory Co., Ltd. We specialize in development, manufacture and trading of machine components. Our Main products are"
Canada,FlexxCool,https://www.flexxcool.com,chosen-sprite@2x.png,,Filling CNC Coolant manually is a big waste of time. Meet coolant automation; a better way to keep machine sumps full and at the right concentration. Our fully automated coolant solution allows companies to increase production and recover valuable ma
Canada,"Fodbits Precision Technology Co., Ltd.",https://www.fodbitschuck.com,info@fodbits.com,,
United States of America,Fuchs Lubricants Co.,https://www.fuchs.com/us,inquiry@fuchs.com,,
United States of America,Fulterer USA,https://www.fultererusa.com,,,"Fulterer is a world leader in drawer slides technology. Fulterer manufactures high quality progressive action roller and ball bearing slides for a variety of weight ratings. Applications include are: modular storage, food service equipment, office, h"
United States of America,"General Tool, Inc. / EHWA",https://generaltoolindustrial.com/,,,"General Tool is a privately-owned diamond tool manufacturing company headquartered in Irvine, California. Since the company was established in 1984, our goal has been to provide high-quality diamond tools and the best customer service in the industry"
United States of America,"Genevieve Swiss Industries, Inc. (Genswiss/Utilis)",https://www.genswiss.com,,,"Genevieve Swiss Industries, Inc. provides you with unique high-precision tools and accessories that advance small parts manufacturing and Swiss-type Machining. Get products that live up to your expectations, reliable service and proven solutions for "
Puchong Se 47100,GET MANUFACTURING SDN BHD,https://gettools.biz/,bryancktang@me.com,,"Since 2006, we have been at the forefront of manufacturing custom cutting tools tailored to meet the specific needs of our clients. Our expertise lies in producing high-quality carbide and PCD diamond tools, ensuring precision, durability, and except"
United States of America,"Global CNC Industries, Ltd.",https://www.globalcnc.com,sales@globalcnc.com,,"Global CNC is a U.S.-based manufacturer of high-performance CNC toolholding solutions for turning and mill-turn applications. We specialize in static and driven toolholders, Capto/PSC systems, toolholder bushings, VDI toolholders, and driven tool rep"
Santa Catarina 66367,GLOBAL WORKING TOOLS,https://www.gwt.com.mx,info@gwt.com.mx,,"GWT, based in Santa Catarina, Mexico, manufactures and distributes high-performance cutting tools (PCD, carbide, steel) and abrasives. We partner with industries like automotive and aerospace, offering custom solutions and strong technical support to"
United States of America,GO Manufacturing,https://gomfg.com/,,,"Creator of the GO STOP, and also a contract machine shop."
Germany,Goltenbodt technology GmbH,https://www.goeltenbodt.de,info@goeltenbodt.de,,"Depending on requirements, they can be used for multi-spindle automatic lathes, single-spindle automatic lathes, sliding and fixed headstock automatic lathes as well as grinding machines. Innovation, precision and reliability are the supporting pilla"
United States of America,Gorilla Mill,https://gorillamill.com/,,,"Our modern facility has been producing and sharpening cutting tools for the aerospace, automotive, medical and manufacturing industries for well over 40 years for use in the following applications:"
Product Categories,GRIP,https://www.gripkorea.com,gripperfect@gmail.com,,
Taiwan R.O.C.,"GSA Technology Co., Ltd.",https://www.gsaplus.com.tw,gsp@gsaplus.com.tw,,"GSA is a Taiwanese machine tool accessories manufacturer. Products: CNC rotary table, Tilting rotary table, Roller Gear-Cam rotary table, Horizontal machining center table with pallets, Large size horizontal rotary table for CNC machining center. Hyd"
China,"GUANGDONG HUASHENG NANOTECHNOLOGY CO.,LTD.",https://www.hsvacuum.com,,,
China,"GUANGZHOU INNOX TOOLS CO.,LTD.",https://www.innoxtech.com,,,"Innox Tools develops and manufactures innovative HSS and carbide cutting tools. TWISTCUT brand is recognized worldwide for its quality, precision and durability."
United States of America,"Haas Automation, Inc.",https://www.haascnc.com,,,"Haas Automation, Inc., manufactures a full line of CNC machining centers, lathes, and rotary products. All Haas products are built in the company’s 1.1-million-square-foot facility in Southern California, and distributed through a worldwide network o"
United States of America,Hainbuch America Corporation,https://www.hainbuchamerica.com,user@gmail.com,,"HAINBUCH continues to revolutionize the field of precise, adaptable, and quick change collet chucks and workholding. Our business philosophy: A commitment and focus to helping our customers solve their immediate and long-term productivity challenges "
United States of America,"Halder, Inc.",https://www.halderusa.com,sales@halderusa.com,,"We are a leading manufacturer of inch and metric standard parts. This includes spring plungers, quick release pins, handles, knobs, lifting devices, clamps, and fixturing systems."
Peachtree Corners GA 30092,Halocarbon,https://www.halocarbon.com,customerservice@halocarbon.com,,"Halocarbon is a U.S. based specialty fluorochemistry company delivering advanced metalworking fluids (MWF) that make difficult‑to‑machine metals machinable. Our unique non‑flammable MWFs reduce heat, friction, and tool wear—enabling faster machining,"
China,"HANGZHOU ANKA TOOLS CO., LTD.",https://www.ankatools.com,sales@ankatools.com.cn,,"HANGZHOU ANKA TOOL CO.,LTD is a leading professional manufacturer of high quality metal cutting tools, our products include annular cutter, rail cutter, HSS step drills and TCT hole saw. Our strength consists of innovation, high-quality products, sup"
"Korea, Republic of",HANSONG M&T,https://han-song.co.kr/,,,"Hansong, founded in 1999, is Korea’s leading manufacturer of carbide end mills and dental burs. Exporting to over 60 countries, Hansong is recognized for its innovation, quality, and successful localization in cutting tool production."
Turkey,Hatsan silah makina kalip san. ve tic. a.ş,https://hatsancuttingtools.com/,info@hatsancuttingtools.com,,"Hatsan Silah Makina is one of the world’s largest manufacturers of airguns and firearms, recognized for its advanced production capabilities and engineering expertise. Expanding its manufacturing strength, Hatsan now produces its own carbide cutting "
Spain,HELION TOOLS S.L.U.,https://www.helion-tools.com,,,
United States of America,Hermann Schmidt Precision Workholding,https://www.hschmidt.com,hsc@hschmidt.com,,
United States of America,Heule Precision Tools,https://www.heuletool.com,,,"Discover Heule Precision Tools at Booth #431364! Our cutting-edge tools for deburring, chamfering, back spotfacing, counterboring, and countersinking help high-volume manufacturers enhance efficiency, save time, and produce top-quality parts. Visit u"
Benton AR 71915,Hirt-Line Presented by Altitude SI LLC,https://altitudesi.com/,cooling-pipe_250x@2x.png,,Hirt-line high pressure coolant lines
Taiwan R.O.C.,"Hon Jan Cutting Tools Co., Ltd.",https://www.shangintool.com,info@shangintool.com,,"Hon Jan Cutting Tools is an ISO-certified company and we are connected to the global market with the brand \""SHAN GIN TOOLS\"". Our product lines contain boring bars, lathe turning tools, threading, grooving, milling, boring tools, cartridges, and hig"
"Korea, Republic of","HONGIK DIAMOND Co., Ltd",https://www.hongikdiamond.com,,,
Germany,HTT Tiefbohrtechnik GmbH,https://www.htt-europe.de,info@htt-europe.de,,"HTT Tiefbohrtechnik, part of the HTT Global Group, was founded with the goal of efficiently offering high-quality machines and systems. HTT delivers customized deep drilling solutions worldwide for all industries, including automotive, medical, aeros"
United States of America,Hufschmied Machining Systems,https://www.hufschmied.net,info@hufschmied.net,,
United States of America,Huot Manufacturing Co.,https://www.huot.com,contact@huot.com,,"Founded in 1926, Huot Manufacturing produces American made products for storing and organizing cutting tools and tooling typically used for machine tools in a metal cutting shop environment. Products feature portable and stationary organization solut"
United States of America,Huron Machine Products,https://www.huronmachine.com,info@huronmachine.com,,"Largest Manufacturer of Top Jaws in the USA for all Power and Manual Chucks. From Standard Top Jaws, Quick Change Top Jaws to complete Design and Build Top Jaws. The largest selection in the industry. Also supplies Power and Manual Chucks for all Wor"
Fortville IN 46040,HWR Workholding USA Inc.,https://hwr-usa.com/,sales@hwr-usa.com,,"The North American subsidiary to one of Germany’s premier workholding providers, HWR Workholding USA provides manufacturers with innovative workholding systems that achieve high levels of flexibility and security. The company is best known for its ze"
United States of America,Hänel Storage Systems,https://www.hanel.us,info@hanel.us,,"Hänel offers best-in-class automated vertical storage, with the Rotomat Vertical Carousel and Lean-Lift Vertical Lift Module, which help customers: 1) Reclaim up to 80% of floor space; 2) Boost inventory accuracy to over 99%; 3) Pick more parts in le"
United States of America,i Cut Tools Corp.,https://www.xi-tong.com,,,We import high quality metal cutting tools. We provide our professional service to help you find a better tool for your jobs. Cut Fast! Cut Cost! Cut better!
Taiwan R.O.C.,IDI Precision Machinery Ltd.,https://www.iditools.com,info@iditools.com,,"IDI is a professional tool maker in Taiwan. We make tools for graphite, steel, hardened steel milling."
United States of America,IMC Group,https://www.iscarusa.com,,,Iscar is a global supplier of cutting tools for use with CNC machine tools. Our core competency lies with our non-stop engineering R&D effort to continually improve the productivity of the metal removal process. We provide performance solutions that 
United States of America,IMC Group 2,https://www.iscarusa.com,,,"MasteRound is a group of companies under IMC Group including IMCO, Precision Cutting Tools, Supermill, and Morse Cutting Tools. They are leading companies in High Performance solid carbide milling and drilling products with a wide variety of solution"
United States of America,IMCO Carbide Tool Inc.,https://www.imcousa.com,customerservice@imcousa.com,,
Fridley MN 55432,INCERTEC,https://www.incertec.com,,,
United States of America,Indo-MIM Inc.,https://www.indo-mim.com/additive-manufacturing,infohq@indo-mim.com,,"Established in 1997, Indo-MIM has ascended to global eminence as the foremost provider of Metal Injection Molded components across diverse sectors. Pioneering innovation, Indo-MIM embraces Binder-Jet Metal 3D Printing, LPBF and Metal Stereolithograph"
United States of America,"Industrial Magnetics, Inc.",https://www.magnetics.com,imi@magnetics.com,,"Since 1961, IMI has been a leader in providing permanent magnets and electromagnets to customers worldwide. Solutions-based focus and consultative approach to meeting customer needs are at the core of IMI. We take pride in designing, engineering, and"
United States of America,Ingersoll Cutting Tools,https://www.ingersoll-imc.com,,,Ingersoll Cutting Tools has been a leader in the design and manufacture of standard and special indexable metal removal tooling for more than 100 years. Our long history of innovation and experience qualifies us to act as your productivity partner in
Taiwan R.O.C.,INNGRIT INC.,https://www.inngrit.com.tw,sales00@inngrit.com.tw,,
United States of America,Iscar,https://www.iscarmetals.com,,,Iscar is a global supplier of cutting tools for use with CNC machine tools. Our core competency lies with our non-stop engineering R&D effort to continually improve the productivity of the metal removal process. We provide performance solutions that 
Spain,IZAR Cutting Tools,https://www.izartool.com/en,export@izartool.com,,"Tool manufacturer since 1910, IZAR is a leader in Spain and one of the main European references in the cutting tool sector: drills, taps, milling cutters, reamers, countersinks, etc. They use only top quality raw materials: HSS, HSS Co, PMX and carbi"
United States of America,J.W. Done ORBITOOL,https://www.jwdone.com,info@jwdone.com,,Manufacturer of deburring tools for drilled holes and intersections.
United States of America,"J.W. Winco, Inc.",https://www.jwwinco.com,sales@jwwinco.com,,"JW Winco is a leading source for metric and inch standard parts. We offer adjustable levers, cabinet U-handles, hinges and locking mechanisms, handles, handwheels, hand cranks, conveyor components, leveling mounts, hand knobs, spring, ball and indexi"
United States of America,"James Tool Machine & Engineering, Inc.",https://www.jamestool.com,sales@jamestool.com,,"James Tool Machine & Engineering, Inc. is an AS9100, ISO9001, ITAR Registered, and NIST 800-171 cybersecurity compliant precision machining company located in Morganton, NC. Since 1987, James Tool has specialized in Production Precision Machining, No"
United States of America,Jepson Power Inc.,https://www.jepsonpower.com,,,"""Leading Through Innovation … since 1984 this is the guiding principle of Jepson Power - the inventor of Dry-Cutter-Technology - in the ongoing development of innovative and high-quality machines and saw blades for processing metals and composites. W"
United States of America,"Jergens, Inc.",https://www.jergensinc.com,miguel.carreon@jergensinc.com,,"Jergens Inc is a global manufacturing leader of CNC machining custom workholding products. Today, you'll find our vises, clamps & fixturing systems, tooling components, at work in just about every segment of the metalcutting industry on every contine"
Taiwan R.O.C.,JETON R/D & MFG. INC.,https://www.jeton.com.tw,,,
Taichung City IL 40252,Jimmore International Corp.,https://nine9.jic-tools.com.tw/,trade@jimmore.com.tw,,"Since 1987, Jimmore has supplied patented, Taiwan-made Nine9 tools through distribution channels. Covering Spot Drill, Engraving Tool, Corner Rounding Tool, Centering Tool, NC Helix Drill, Chamfer & Chamfer Tool, Threading Tools and more, these high-"
New Taipei City 23874,"Jin Kou Enterprise Co., Ltd.",https://www.jinkouinc.com,info@jinkou.com.tw,,"We are leading manufacturers of Quick Release Pins, Ring Detent Pins, Pull Pins and special screw, as well as an exporter-maker in Taiwan and exported to the world wide for more than several decades, special for U.S.A., Europe, and Asia market."
United States of America,"JJ Tools Americas, LLC",https://www.jjtools.co.kr/en/main,nick.park@jjtools.co.kr,,Luxury carbide cutting tools used by industrial users and national research institutes around the world! Based on JJ Tools' unique technology and deep knowledge and recognized for the performance of our high-quality tools. We ship to markets around t
United States of America,"JM Performance Products, Inc.",https://www.jmperformanceproducts.com,sales@jmppinc.com,,"JM Performance Products, Inc., the Industry Leader in CNC Spindle Optimization, manufactures a complement of products designed to ensure maximum toolholder to spindle contact.  JMPP's patented High Torque© retention knobs eliminate toolholder expansi"
United States of America,Joyce/Dayton Corp,https://www.joycedayton.com,,,"Joyce/Dayton is a leading manufacturer of rugged screw jacks and high-precision EDrive electric actuators. Known for engineering expertise and fast turnaround, we deliver customized, durable linear motion solutions built to perform in demanding indus"
United States of America,Kaiser Manufacturing,https://kaisermanufacturing.com/,km-logo-blue_250x@2x.png,,"Kaiser Manufacturing makes custom, two-color Kaizen Shadow Foam organizers to protect tools and accessories. They are ideal for manufacturing environments focused on Lean strategies, 5S and help with general workspace organization. Also offering 3D s"
United States of America,Kanefusa USA Inc.,https://www.kanefusa.net/en,,,
Japan,"Kato Mfg. Co., Ltd.",https://kato-tapper.com/eng,,,"Founded 1918, leading Japan in tap holders; solving TAPPING and DEBURRING issues. We are a Japanese manufacturer serving electronics, automotive, molds, aerospace, and heavy industries. Our tapping and deburring holders improve machining efficiency, "
United States of America,KDF Technologies,https://www.kdf.com,,,"When your process depends on precise, repeatable thin film coatings, KDF delivers the systems, service, and support to keep you running with confidence, including and genuine VaporTech systems service and parts. From production uptime to long-term re"
China,"KEXIAN PRECISION TOOLS(ZHEJIANG)CO.,LTD.",https://www.kx-tools.com,nicole.qian@kx-tools.com,,
Itasca IL 60143,Keyence Corporation,https://www.keyence.com,,,"KEYENCE is a distinguished world-wide developer and producer of factory automation and quality inspection equipment that includes: automation sensors, vision systems, laser markers, digital microscopes, and metrology systems. Our innovative products "
"Korea, Republic of","Kimz Co,. Ltd.",https://www.kimz.co.kr,,,KIMZ is located in Korea and is a world-leading company in the field of workholding.
United States of America,Kosmek USA Ltd.,https://www.kosmek.com,,,"Specialists in manufacturing automated quick systems for all manufacturing industries. Quick die change systems to robotic palletizing and packaging systems, we do it all when it comes to automated clamping. Let Kosmek be your one stop shop for all q"
United States of America,Kurt Workholding,https://www.kurtworkholding.com,,,"Kurt Workholding has set the standard for quality and reliability with machine vises and workholding technology for over 60 years. Kurt designs, manufactures and sells a complete line of workholding products for the machining industry. We built our r"
United States of America,"Lach Diamond, Inc.",https://www.lach-diamond.com,office@lach-diamond.com,,"LACH DIAMOND INC. is one of the leading manufacturers of diamond and CBN tools and has been equated with progress, precision and quality since 1982. The company is closely intertwined with its 100 year old counterpart in Germany: LACH DIAMANT."
Saint Charles IL 60174,LaFox Tool Inc.,,,,"We provide Custom as well as standard, turn-key Workholding Solutions. We offer standard & custom jaw chucks, collet chucks, custom workholding solutions, index chuck packages, large industrial workholding solutions, pallet chucks, automation solutio"
United States of America,"Lenzkes Clamping Tools, Inc.",https://lenzkesusa.com/,info@lenzkesusa.com,,"Lenzkes manufactures & sells quick release clamping systems known for high quality, capability of reducing downtime, resolving safety issues & helping you stay competitive. A vast variety of tooling, enables us to fit your company with products to be"
United States of America,LUBE USA,https://www.lubeusa.com,,,"Lube USA is the North American subsidiary of Lube Corporation, headquartered in Tokyo, Japan. Lube USA is the most reliable automatic lubrication company in the world, serving industries such as machine tool, plastic injection molding, packaging, met"
China,"LUOYANG REIGN MACHINERY EQUIPMENT CO.,LTD.",https://www.lyreign.com,sell1@lyreign.com,,
Bradenton FL 34211,Maedler North America,https://maedlernorthamerica.com/,sales@maedlernorthamerica.com,,Maedler North America is your source for everything metric in North America. We offer high quality parts since 1882. Maedler offers a full range of power transmission components. Maedler also offers customized parts and components.
United States of America,Martin Trunnion Tables,https://www.trunniontable.com,example@mysite.com,,"Martin Trunnion Tables, based near Cincinnati, OH, specializes in manufacturing both custom and standard CNC Trunnion Table Fixtures for Vertical Machining Centers and Rotary Tables. Their solutions help customers significantly reduce part handling a"
United States of America,Masa Tool Inc.,https://www.masatool.com,info@masatool.com,,"Masa Tool's Microconic system for Swiss-type machine workholding consists of two major components: The Microconic™ cartridge, which fits into your CNC machine spindle replacing the standard 5C, TF15, TF16, TF20, TF25 or TF37 collets, and the Microcon"
United States of America,Master Fluid Solutions,https://www.masterfluids.com,,,"Master Fluid Solutions provides high quality metalworking fluids to the global market. As innovators, we offer specialty cutting/grinding fluids, cutting oils, concentrated washing and cleaning compounds, and rust preventatives under the TRIM® and Ma"
United States of America,Mastercut Tool Corp.,https://mastercuttool.com/,sales@mastercuttool.com,,"Celebrating 40 years of U.S. manufacturing, Mastercut Tool Corp. delivers an exceptional line of high-performance rotary cutting tools—including end mills, drills, reamers, routers, and burs. We also offer a wide range of coatings designed to maximiz"
United States of America,Mate Precision Technologies,https://www.mate.com,,,"Mate Precision Technologies has designed, developed and manufactured innovative tooling and workholding solutions to increase factory productivity for seven decades."
United States of America,MB Metal Technologies LLC,https://www.markinbox.com,,,"Permanent Pin Marking Solutions for traceability of components and assemblies using either Stationary or Portable Equipment. Mark Plastics and Metals, with alpha numeric-digital codes-time/date-shift-logos-csv files. Mark on Flat and Round materials,"
United States of America,"MD Tooling, LLC",https://www.mdtooling.com,user@domain.com,,"Customer oriented Sales organization bringing high quality Italian product to North America. Live and Static CNC Tooling, Barfeeders, Robotic Arm, Chucks and ER collets."
United States of America,Mentco Inc.,https://www.mentco.com,sales@mentco.com,,We are a contract manufacturer of precision CNC Turned and Milled components for many OEMs across multiple industries.
United States of America,Michigan Drill / Republic Drill Corp / L & I,https://www.michigandrill.com,orders@michigandrill.com,,"Manufacturer and distributor of industrial cutting tools including drills, taps, end mills, reamers,indexable tooling, work holding and precision tools. A large stocked selection of hard-to-find items in addition to marketplace standard sizes. Multip"
Monroe CT 06468,Mikron Corporation Monroe,https://www.mikron.com,,,Mikron Machining is the leading supplier of highly productive machining systems for the manufacturing of complex high-precision components made of metal. Mikron Tool develops and produces high-performance cutting tools. These are regarded as some of 
United States of America,Mitee Bite Products LLC,https://www.miteebite.com,,,"Innovator of compact, low-profile edge clamps designed to improve production and provide simple solutions for difficult workholding applications. We’re available to assist with your design and product selection. Reduce idle spindle time and wasted ma"
Erie PA 16512,Modern Industries,https://mpwer.com/,,,"mPower's line of workholding and toolholding products includes: SpeedLoc quick change tooling and modular fixturing, Modloc modular tooling columns, SpinLoc mechanical indexers and SpinSelect toolholding. SPEEDLOC -- fixture changeover in a few minut"
United States of America,Morrison-Ray,https://www.morrison-ray.com,name@company.com,,"Morrison-Ray is an ecommerce accelerator for industrial and B2B manufacturers. We help brands launch, manage, and scale their products across platforms like Amazon and Mercado Libre. By combining manufacturing expertise with digital execution, we exp"
Millersburg PA 17061,Morton Machine Works,https://www.mortonmachine.com,,,"Morton Machine Works is a manufacturer of Thumb Screws, Adjustable Handles, Knobs, Nuts, Washers, Spring Plungers, Clamping Components and Fasteners to industrial distributors, catalog houses, and OEM’s throughout the world. In addition to offering a"
United States of America,MSC Industrial Supply Co.,https://www.mscdirect.com,cust_service@mscdirect.com,,"MSC Industrial Supply Co. is a leading North American distributor of metalworking and maintenance, repair, and operations (MRO) products and services. With over 75 years of expertise, we help our customers drive greater productivity, profitability an"
Japan,MST Corporation,https://www.mst-corp.co.jp/en,,,"You can see state-of-the-art Shrink-fit holder, Angle Head, Work-holding fixture and preventive maintenance tools at our booth. We support your process integration and automation with our products."
United States of America,Nexgen Tooling LLC,https://www.nexgentooling.com,,,"NEXGEN Tooling has been making some of the finest solid carbide cutting tools in the industry. Located in Springvale, Maine and subject to top-notch New England craftsmanship, you will find us always leading with quality and consistency. Customers ap"
United States of America,Nng industries,,,,
Shlomi 2283200,Noga Engineering & Technology,https://nogamt.com/,noga@noga.com,,"Noga Engineering & Technology Ltd., founded in 1980, leads in manufacturing deburring systems, holding systems, and cutting fluid applicators. Committed to innovation and quality, Noga serves over 60 countries through its global network, maintaining "
United States of America,norelem,https://www.kippusa.com,ca.info@kipp.com,,"KIPP is the inventor of the adjustable handle which is universally known as the ""KIPP Handle.""  KIPP is also world-renowned for producing cam levers, knobs, spring plungers, indexing plungers, handwheels, pull handles, locating components, height adj"
United States of America,Northfield Precision Instrument Corp.,https://www.northfield.com,sales@northfield.com,,"The world leader in precision air chucks, diaphragm chucks, collet chucks, special fixtures and accessories."
Shinagawa-ku,"NS TOOL CO., LTD.",https://us.ns-tool.com/,banner-04@2x.png,,"NS TOOL is a leading manufacturer of high precise small diameter end mills and is a wholly owned subsidiary of NS TOOL Co., Ltd. in Japan. As a group specializing in small-diameter tools, we have leading market share in Japan in the field of small-di"
United States of America,NSK America Corporation,https://www.nskamericacorp.com,info@nskamericacorp.com,,"NSK America Corporation and Jaeger Spindles are manufacturers of high-speed, ultra-precise electric and pneumatic spindles and micro grinders. Our spindles offer an accuracy of less than 1 micron TIR, adapting to your current machine tool, automation"
United States of America,O.M.G. North America,https://www.omgnet.it/omg-angle-heads,omg@omgnet.it,,"O.M.G., established in the 1960s, is the leading manufacturer of Angle Heads, Spindle Speeders, Multi-Spindle Heads, Turret Heads and Facing Heads. Our technical experience, innovation and customer service allow O.M.G. to provide the very best soluti"
United States of America,Omega TMM,https://www.omegatmm.com,,,"Omega TMM provides world-class tool measuring and management solutions for shop floor management used in the machine tool industry. We provide the market with presetters and tool management solutions Made in the USA. Our people, process and technolog"
United States of America,PAC Precision Tools USA Corp.,https://www.pactoolsusa.com,sales@pactoolsusa.com,,"CNC Toolholders, Collets & Accessories"
Newnan GA 30263,PANARO USA Inc.,https://panarocases.com/,,,
Taiwan R.O.C.,"Parfaite Tool Co., Ltd.",https://parfaite.com/,,,"Parfaite Tools provides motorized spindles, CNC tool holders, grinding arbors, gear machining solutions, and accessories. At this exhibition, we are launching the world’s first Tool Clamping Solution for high-efficiency milling. Visit us to discover "
United States of America,Parker Hannifin,https://www.parker.com/airquality,,,
United States of America,Pascal Engineering Inc.,https://www.pascalenginc.com,,,"Pascal Engineering offers automated hydraulic and pneumatic workholding solutions for jigs & fixtures. This product line include: swing clamps, link clamps, work supports, i. d. hole clamps, expansion clamps, pallet clamps, zero point systems, and lo"
Waukesha WI 53186,PG Inspection Technologies LLC,https://www.pg1000.com,pg@pg1000.com,,"The PG1000 optical inspection system has been used by cutting tool manufacturers and OEM's in the automotive, aerospace, defense and medical industries since 1996. The PG1000 is accurate/repeatable to 5 microns, durable, and the software is very easy"
United States of America,Pilot Precision Products,https://pilotprecision.com/,info@pilotprecision.com,,"Pilot Precision Products is the parent company of duMont Minute Man industrial broaches and Hassay Savage broaching tools. The company is also the exclusive U.S. distributor of Palbit, Magafor and GMauvais USA products."
United States of America,pL LEHMANN America Inc.,https://www.lehmann-rotary-tables.com/en,,,"Swiss quality rotary tables - compact, precise, modular. Over 40 years of innovation in machining & metrology"
United States of America,Plastics International,https://www.plasticsintl.com,,,"Plastics International is a Global Supplier of Medical, Engineering and High Performance Grade Plastics produced in sheet, rod tube and film. These materials include Delrin, Noryl, Nylon, Polycarbonate, Medical Grade Polypro, Polysulfone, PEEK, PVDF/"
Prospect Heights IL 60070,"Platinum Tooling Technologies, Inc.",https://www.platinumtooling.com,,,"Platinum Tooling Technologies, Inc., is the North American importer of Live Tools and Angle Heads from heimatec GmbH, Knurling and Marking tools from Hommel + Keller, Swiss type Collets & Guide Bushings from Tecnicrafts, Speed Increasers from Henning"
United States of America,Platit Inc,https://www.platit.com,,,Platit is a leading Manufacturer of high tech PVD and PECVD coating machines for tool and machine components.
Gwang-Ju,"POINTTECH CO.,LTD",https://www.pointtec.com,,,Pointtech is specialized in making Live Center and Precision Turning Center since 1984 with GG brand logo. We try to provide a wide range of technically differentiated products and further contribute to stable growth of our customer and industrial de
United States of America,Positrol Workholding,https://www.Positrol.com,,,Positrol Designs and Builds Workholding
United States of America,Powerhold Inc,https://www.powerholdinc.com,admin@powerholdinc.com,,Workholding products & solutions. Custom and standard.
China,POWERWELL TECHNOLOGY,https://www.pw-tool.com/cn,pw003@pw-tool.com,,
United States of America,Pratt Burnerd America-Atlas Workholding,https://www.prattburnerd.com,info@prattburnerd.com,,"We are in the business of supplying quality Workholding products throughout North America. We have one of the largest varieties of Workholding products in the world, with Power Chucks, Manual Chucks, Collet Chucks, Collets, Special Chucks, Rotating C"
United States of America,Precision Cutting Tools,https://pct-imc.com/,info@pct-imc.com,,"Precision Cutting Tools (PCT), based in Southern California, is a leading manufacturer of high performance carbide endmills and drills serving all metalworking industries. We work through selective distribution and offer engineering services. Our too"
United States of America,QualiChem Metalworking Fluids,https://www.qualichem.com,,,"QualiChem, Inc. manufactures some of the most advanced metalworking fluids available in the world.  As a global supplier, our fluids meet all of the relevant health & safety regulations, including GHS and REACH.  Our product line includes water-dilut"
United States of America,Quality Tech Tool,https://www.qualitytechtool.com,qttinc@qualitytechtool.com,,"Quality Tech Tool is a proud source for quality performance cutting tools to many of the largest manufacturers in the aerospace, defense, automotive, engineering and medical industries!"
United States of America,REGO-FIX Tool Corporation,https://www.RegoUSA.com,info.usa@rego-fix.com,,"REGO-FIX is a Swiss manufacturer of premium toolholding systems that excel with extraordinary reliability, precision and quality. From toolholders and clamping collets to clamping nuts and accessories, REGO-FIX helps manufacturers achieve toolholding"
United States of America,RelaDyne,https://reladyne.com/,hr-recruiting@reladyne.com,,
United States of America,"Riten Industries, Inc.",https://www.riten.com,sales@riten.com,,"Riten Industries is the world’s largest manufacturer of live & dead centers and face drivers. Standard products number in the thousands, with guaranteed accuracies as high as ± .00004 TIR. Models are available to handle workpiece weights from 2 oz. t"
P.O. Box 265,RIX North America,https://www.rix-us.com,,,"RIX responds to the needs of customers as a comprehensive manufacturer of rotary joints(unions), providing solutions for general industrial machinery, the rubber and tire industry, semiconductor manufacturing equipment, machine tools, lathes, the pap"
United States of America,RobbJack Corporation,https://www.robbjack.com,,,"RobbJack specializes in the engineering, manufacture and sale of solid carbide cutting tools. We continue to offer the broadest line of carbide end mills with the closest tolerances available for CNC milling equipment. In addition, we manufacture sol"
Rajkot 360021,ROBIN PRECISION PRODUCTS PVT. LTD.,https://www.bloodtools.com,info@bloodtools.com,,"We are Mfrs. of Solid Carbide Cutitng Tools, CNC Toolings & Indexable Products. We are based in Rajkot, Gujarat INDIA."
United States of America,"rose plastic USA, LLLP",https://www.rose-plastic.us,info@rose-plastic.us,,"With 800 employees at 10 locations around the world, we are also near to our customers. For short distances, reliable logistics and sustainable business practices. Plastic packaging from rose plastic optimally protects your products and combined func"
Italy,Rotomors S.p.A.,https://www.rotomors.com,info@rotomors.com,,
Canada,Rousseau Metal Inc.,https://www.rousseau.com,,,Rousseau is the leading designer and manufacturer of  flexible and high-quality storage solutions.
United States of America,Royal Products,https://www.royalproducts.com,info@royalproducts.com,,"Royal Products is a leading U.S. manufacturer of machine tool performance accessories. We specialize in helping manufacturers maximize production and profits through setup reduction, lights-out machining, and employee retention. Key product lines inc"
United States of America,"RSVP Tooling, Inc.",https://www.rsvptooling.com,sales@rsvptooling.com,,"We are a manufacturer of external threading tools, spline rolling knurling and burnishing solutions. Our systems include circular chaser, insert chaser and various types of thread rolling solutions. We carry standard products in stock and can manufac"
Lake Forest CA 92630,"Samchully Workholding, Inc.",https://www.samchullyworkholding.com,,,"Samchully has brought premium quality workholding solutions to manufacturers around the world for nearly 50 years. Our products include 4th/ 5th-axis rotary tables, vises, special chucks, power chucks, manual chucks, rotary cylinders, and steady rest"
United States of America,"Sankyo Automation, Inc.",https://www.sankyoautomation.com,sales@sankyoautomation.com,,"Sankyo has been a worldwide leader in cam-driven indexing technology since 1970, and continues to devolp new and innovative technology in motion control for our Machine Tool, Automation and Press Feed products."
United States of America,Scandinavian Tool Systems,https://www.scandinavian-tool.se,info@scandinavian-tool.se,,Providing Quality Cutting tools with 4 Edges. Our on-Edge style provides a superior Finish at a faster speed or reduced Passes.
United States of America,SCHAUBLIN USA - SWISS TOOLS,https://swisstools.org/,service@swisstools.org,,
Elgin IL 60123,Schwanog LLC,https://www.schwanog.com,info@schwanog.com,,"Reducing part cycle time by up to 40%! The company provides custom, made-to-order, insertable and solid carbide form tools according to your part prints. Applications include grooving, drilling, broaching, milling, and threading tools. Made in the US"
Product Categories,"SEKWANG SELUX CO., LTD",https://www.sekwangtool.com,,,
United States of America,SERVSIX US / PINPOWER,https://www.servsix.us,orders@servsix.us,,"ServSix US has a very experienced team of industry professionals with over 60 years combined experience in the manufacture and use of industrial diamond tooling. Our focus is on the customer service experience, providing proficient knowledge and advi"
United States of America,Setco,https://www.setco.com,name@domain.com,,"Setco is a global leader in the design, manufacturing, and servicing of precision spindles, milling heads, slides, and spindle/slide combinations. Through its nine locations around the globe, Setco has manufactured or rebuilt over 310,000 spindles, a"
Bloomfield NJ 07003,SGS North America,https://www.sgs.com,,,
China,"Shandong Fangzheng Machine Tool Co., Ltd",http://fangzhengtool.com/,zhengyu10@sdzhengyu.com,,
China,"SHANDONG JINJIE MACHINERY CO.,LTD.",https://www.jinjie-tools.com,,,"Bright tools was founded in 2006, has the most complete holder series in China, also is the only factory who have a complete Automatic production line in Tool holder production. Each month around 50000pcs tool holder are produced, and 60%of tool hold"
China,"SHANDONG OUNUOWEI NUMERICAL CONTROL TOOL CO.,LTD.",https://www.ounuowei.com,,,"Machine tool accessories manufacturer from China,the main products include:collet chuck, ER collet, tool holders, milling and boring tools."
China,"Shanghai Yamada Precision Tools Co., Ltd.",https://www.yamadachina.com,sales@yamadachina.com,,"Shanghai Yamada Precision Tools Co., Ltd., based in Shanghai, is a professional manufacturer of PCD, PCBN and carbide cutting tools since 2001. Its products include inserts, turning tools, reamers, milling tools, drills, boring tools, abrasive tools,"
United States of America,Sharon-Cutwell Co.,https://www.cutwell.com,sales@cutwell.com,,"Cutwell is a custom cutting tool manufacturer, focused on high performance solid carbide tooling for Aerospace, Automotive, Hydraulic and many more industries. Custom-Engineered Solutions are what we always try to bring to our customers! High perform"
RINGWOOD IL 60072,Sharp CNC,https://www.sharpcnctooling.com,kent@sharpcnctooling.com,,
Shengzhen Guangdong 100070,"SHENZHEN DANFOO TECHNOLOGY CO.,LTD.",http://danfoo.com/,mkt@danfoo.com,,"Smart Bee Cabinets-- Digital management of cutting tools, measure tools, and materials. Cost-saving and less labor."
Busan 47029,"SHIN-IL MACHINERY CO., LTD.",https://www.shin-il.com,a.ozcan@shin-il.com.tr,,"SHIN-IL Machinery Co., Ltd. is a globally competitive Korean manufacturer of high-precision CNC machines and tools with over 50 years of engineering expertise. Our core products include Deep-hole drilling machines (Gun Drill), B.T.A. systems, Portabl"
New Delhi 110026,Shobha Industries Private Limited,https://www.shobha-india.com,shobha@shobha-india.com,,"Shobha Industries is a leading manufacturer and exporter of high quality work holding and cutting tools. We have been exporting professional tools since 1976 to over 40 countries .We follow international standards such as DIN, GS, ANSI and are ISO 90"
United States of America,"Smart Storage Solutions, Vidmar, LISTA, CribMaster",https://storage.stanleyblackanddecker.com/,,,
United States of America,"Soph, Inc.",https://soph-magnet.com/,,,"Soph Inc. is a magnetic clamping and material handling system manufacturer specializing in electro-permanent, permanent and electromagnetic systems. We manufacture magnets for machine tool work-holding, mold and die clamping in Fenton MI. Soph Inc ha"
United States of America,Southwick & Meister Incorporated,https://www.s-mcollets.com,,,"Southwick & Meister, Inc., since 1952,  has been manufacturing precision collets, guide bushings and bar-loader collets for Swiss-Type turning centers and conventional lathes in both standard and customer specific bore configurations."
United States of America,sp3,https://www.sp3-cvd.com,info@sp3-cvd.com,,"Based in the Silicon Valley with more than 30 years of history, sp3 has pioneered the development of CVD diamond technologies. Utilizing its own Hot Filament reactors, sp3 provides smooth, rough, low stress, compressive or tensile CVD diamond coating"
United States of America,Speedgrip Chuck Company,https://speedgrip.com/,salesweb@speedgrip.com,,Speedgrip Chuck Company Delivers Premier Engineered Workholding Solutions For Manufacturers. Our products deliver the highest levels of quality and productivity for customers in every industry where metal cutting is a part of the manufacturing proces
United States of America,SPINTECH TOOLS,https://www.spintechtools.com,info@spintechtools.com,,
United States of America,"Stace-Allen Chucks, Inc.",https://www.stace-allen.com,info@staceallen.com,,"Stace-Allen Chucks, designs and manufactures precision workholding."
United States of America,"Stevens Engineering, Inc.",https://www.stevenseng.com,info@stevenseng.com,,Manufacturer of steel & aluminum workholding products for vertical & horizontal machining centers.
United States of America,Stor-Loc,https://www.storloc.com,,,"We build heavy duty tool cabinets, workbenches, CNC tool caddy's, press brakes and storage units."
United States of America,Suhner USA,https://suhner.com/en/,,,"Suhner is a global company providing material removal products and knowledge for grinding, sanding and polishing applications through robotic end effectors and compliance, abrasive hand tools, abrasive consumables, machining equipment for drilling, t"
Irving TX 75039,"Systematic Quality Management Systems, Inc.",https://www.systematicqms.com,,,"We are a full-service Quality Engineering firm that provides ISO 9001-based Quality Management System Development, Implementation, Internal Audits, Management Reviews, Training, External Audit Support and SO much more. Now introducing the SQMS.net ap"
Toronto ON M1V 1V3,T. Friedl Enterprises,https://tfriedl.com/,,,"Importer and distribution of HAM precision drill, HPTec, ERBO systems, Bipico Band Saw Blades and other related cutting tool and CNC machine accessories."
Taichung City 413011,"Taiki Industrial Co., Ltd.",https://www.taiki-jaws.com,,,TAIKI is the epitome of excellence in Taiwanese Soft Jaws and Accessories of Power Chuck manufacturing. It has set up a Broaching Machine and CNC Machine Center which can broach and drill the best quality castings and get perfect shapes.
United States of America,Tap Magic - Division of the Steco Corp.,https://www.tapmagic.com,,,"World-class manufacturer of premium cutting fluids and related metal working lubricants. Since 1953, the Tap Magic name has been synonymous with tool protection, close tolerances, and high quality finishes in metal cutting applications."
United States of America,Tapmatic Corp.,https://www.tapmatic.com,info@tapmatic.com,,"Tapmatic Corporation, since 1952, has been a world leader in the design and manufacture of tapping attachments, tap holders, and CNC Marking and Deburring tools. Tapmatic products are represented through our agents in more than forty countries. Tapma"
Germany,Tarfilm Europe GmbH,https://www.tarfilm.com,sales@tarfilm.com,,"Tarfilm Hi-Tech Co., Ltd. is a group company driven by technological innovation, specializing in R&D and manufacturing of high-quality vacuum coating targets, and selling to global market."
United States of America,TCI Precision Metals,https://www.tciprecision.com,,,"Founded in 1956, TCI Precision Metals is a value-added metals distributor producing close tolerance Machine-Ready Blanks from aluminum, stainless steel, and other alloys. Precision sawing, waterjet cutting, grinding, duplex milling, flattening, and f"
United States of America,"TE-CO Manufacturing, LLC",https://www.te-co.com,address@domain.com,,"TE-CO has been manufacturing innovative workholding solutions for over 45 years. Our product lines include: jig and fixture components, double and single station vises, 5 axis workholding (Raptor and Piranha), spring plungers, quick change jaw and pa"
United States of America,"TECHMET CARBIDES, INC.",https://www.techmet-carbide.com,csteam@techmet-carbide.com,,"TechMet is North America's leading supplier of precision carbide tool blanks, offering a complete range of high-quality tungsten carbide products, featuring carbide rod blanks and a wide variety of specialty items. We also offer a broad range of inde"
Hong Kong (China),Tiangong Precision Tools (Hong Kong) Company,https://www.tggj.cn,tggj@tggj.cn,,
Richmond Hill ON L0G1M0,TOOL HOLDER SHOP INC.,https://www.toolholdershop.com,,,CNC machine tools tool holders distributor
United States of America,Tool-Flo,https://webshop.toolflo.com/,,,Tool-Flo produces cutting tools and custom solutions for the metalworking industry designed to improve machining efficiency and productivity to meet the high standards demanded by our global customer base. We utilize advanced manufacturing processes 
Cleveland OH 44114,Tooling U-SME,https://www.toolingu.com,,,"Tooling U-SME delivers versatile, competency-based learning and development solutions to the manufacturing community, working with thousands of organizations, including more than half of all Fortune 500® manufacturers, plus nearly 1,000 educational i"
United States of America,Tower Metalworking Fluids,https://www.towermwf.com,,,"Provider of innovative metalworking lubricants that are safe for workers and the environment, increase production, extend tooling life, easy cleaning, and cost effective."
United States of America,Triple Crown Products,https://triplecrownproducts.com/,,,
United States of America,"Triple-T Cutting Tools, Inc.",https://www.triple-t.com,,,
United States of America,TTC North America LLC,https://ttcnorthamerica.com/,ttcna@ttcnorthamerica.com,,"TTC North America provides high quality, competitively priced tools and attachments for Swiss machines. Our priority is to keep our customers satisfied and their machines working efficiently. Our high level of IN STOCK products help us deliver most o"
United States of America,Tungaloy-NTK America,https://tungaloy.com/us/,,,"Tungaloy-NTK America delivers innovative metal cutting solutions with extensive turning, milling, and drilling products. Our premium ceramics, Swiss Tooling, and advanced systems ensure high-precision performance across industries. With a wide range "
United States of America,Tungco Powder Procurement,https://tungco.com/,arubin@tungco.com,,"We specialize in Tungsten based soft scraps such as sludges/swarfs, powders, and filter materials. Throughout the procurement process, we make sure that your questions are answered and that your sortation and payment are handled with the utmost accur"
United States of America,"Turner Workholding, LLC",https://www.turnerworkholding.com,,,"Welcome to Turner Workholding, suppliers of CNC Chuck Jaws & Bar Pullers for all your turning needs. We specialize in supply of Steel & Aluminum Soft Jaws, Hard Jaws, Boring Mill Jaws, and T-Nuts, Adapter Plates, Lathe Chuck Jaws, and Bar Pullers (sq"
United States of America,U S Shop Tools,https://www.usshoptools.com,support@usshoptools.com,,National distributor of machine shop tools and metalworking supplies
United States of America,Ultra Carbide LLC,https://www.ultracarbide.com,sales@ultracarbide.com,,"Premium carbide for world-class cutting tool manufacturers. Our expertise goes beyond carbide rods. We provide highly engineered wear parts for metal forming, and tailormade products for the food/beverage, and agriculture industries. Our goal is to p"
Seoul 04532,Union Materials Corporation,https://www.unionmaterials.com,ceramic@unionmaterials.com,,We used to known as SsangYoung material Corporation and now we are Union Material Corporation.
United States of America,VacuumTables.com/Graphic Parts International Inc.,https://www.vacuumtables.com,sales@vacuumtables.com,,"VacuumTables.com designs and manufactures custom vacuum hold-down and flotation tables built to exact specifications. With over 45 years of experience, our systems are known for precision flatness, durability, and performance. Seamless surfaces enabl"
United States of America,Vallen,https://www.vallen.com,,,
United States of America,Vargus USA,https://vargus.com/en-us,mrktg@vargus.com,,"VARGUS is a world leading developer, manufacturer and supplier of high-quality, precision threading, grooving, turning and hand deburring tools. Established in 1960, VARGUS is the cutting tools division of the NEUMO Ehrenberg Group, a multinational o"
United States of America,Vektek LLC,https://www.vektek.com,,,"Vektek is a global leader in hydraulic and pneumatic workholding solutions, headquartered in Emporia, Kansas. Founded in 1986, and building on its origins in hydraulic pump and cylinder assembly, Vektek has grown into a premier designer, manufacturer"
United States of America,Verizon Business,https://www.verizon.com/business/solutions/industry/manufacturing,,,"Verizon Business is a premier global technology partner driving digital transformation in manufacturing. By delivering critical infrastructure like Private 5G, Mobile Edge Computing, and Industrial IoT, we enable Industry 4.0. Our robust connectivity"
Taiwan R.O.C.,"VERNAL MANUFACTURING & ENGINEERING CO., LTD.",https://www.vernal.tw,service@vernal.tw,,Contract Manufacturing and Machining Services Customized manufacturing capabilities for over 40 years Exporting from Taiwan to overseas .
United States of America,"Versatility Professional Tool Storage, LLC",https://www.professionaltoolstorage.com,,,"Made in America, Versatility® Cabinets offer the ultimate value in professional tool storage by combining 50 years of manufacturing experience with innovative engineering. The Versatility Product Line includes specialty cabinets for the storage and o"
Ann Arbor MI 48103,"Viper Carbide & Metals, Inc",https://www.vipercarbide.com,purchaser@vipercarbide.com,,"Viper Carbide provides an array of tungsten carbide and other minor metal products that can be used in the aerospace, metalworking, automotive, petroleum, medical, woodworking, and many other industries. We are working hard to be the go-to carbide su"
United States of America,Vortex Tool Co. Inc.,https://www.vortextool.com,info@vortextool.com,,"For more than 30 years, Vortex Tool Company has built a reputation as an innovator, manufacturing high performance tools in the industries. From its facility in Schofield, Wisconsin, Vortex produces tools with cutting edges in various grades of carbi"
United States of America,Weldsale Company,https://www.weldsale.com,sales@weldsale.com,,"Welding Tables that are strong, simple, and super easy to use. Increase your ease!"
United States of America,Wen Technology Inc.,https://www.wentechnology.com,info@wentechnology.com,,"WENmagnetics manufactures electro-permanent magnetic chucks and lifters in North Carolina.  As a US producer, WEN is uniquely capable of supporting American manufacturers with optimized solutions / local service support and is noted for fail-safe mag"
United States of America,West End Tool & Die,https://westendtool.com/,,,"West End Tool & Die offers a comprehensive solution for all of your metal stamping and fabrication needs. We have an array of machines and services available to ensure that your projects are completed efficiently, from beginning to end. We manufactur"
United States of America,"Whitney Tool Company, Inc.",https://www.whitneytool.com,,,"Whitney Tool is a leading manufacturer of special and standard milling cutters, drill and tap extensions, and deburring tools.  Whitney specializes in engineered and build to print cutting tools for difficult to machine operations; our lines of preci"
China,"WINTEND (CHANGZHOU) PRECISION CUTTING TECHNOLOGY CO., LTD.",https://www.wintend.com.cn,,,
United States of America,WTO Inc,https://www.wto-tools.com,info@wto.de,,"WTO is the world leader in the design and manufacture of static and driven toolholders for Turning Centers. Our products are in use worldwide, wherever precision parts are manufactured with high productivity. In the US we operate with a factory owned"
United States of America,YG-1 Tool Co.,https://www.yg1usa.com,techsupport@yg1usa.com,,"\""YG-1, a global leader in the cutting tool industry for over four decades, offers unparalleled value with its range of indexable solutions, solid carbide drills, end mills, reamers, and innovative tap solutions. Renowned for quality and innovation, "
United States of America,"Yukiwa Seiko U.S.A., Inc.",https://www.yukiwa-usa.com,info@yukiwa-usa.com,,"Rotary tables, tool holders, collet chucks, drill chucks, pull studs, chuck keys."
United States of America,"ZCC - USA, Inc.",https://www.zccusa.com,info@zccusa.com,,ZCC USA is strategically located in Ann Arbor MI and manages the supply channel for North America through a large but select group of highly qualified distributors that specialize in the sales and service of carbide cutting tools.
United States of America,ZCC America,https://www.zccamerica.com,info@zccamerica.com,,"ZCC America (founded in 2001), a USA domestic company with the official name of Zhuzhou Cemented Carbide Works USA Inc., A member of ZCC Group (founded in 1954) under Minmetals Group (founded in 1950). Carbide Rods and other Carbide Blanks products p"
United States of America,Zeman Tool & Mfg,https://www.zemantool.com,,,"Zeman’s focus is the customer’s tooling requirements, and our objective is the customer experience."
China,"ZHEJIANG BOESION PT TECH CO., LTD",https://www.boesion.com,info@boesion.com,,
China,ZHEJIANG SANOU MACHINERY LIMITED COMPANY,https://www.sanouchuck.com,sanou@sanouchuck.com,,"Sanou is one of the most professional manufacturer of hydraulic chuck, lathe chuck, drill chuck and machinery accessories from China."
China,ZHEJIANG XINXING TOOLS CO.，LTD,https://www.ch-tools.com,zhm@ch-tools.com,,"Zhejiang Xinxing Tools Co., Ltd. established in 1994, is a manufacturer concentrating on R&D and manufacture of high-performance cutting tools. Drafting unit for Chinese industrial standard of annular cutter. Our products include annular cutter, rail"
United States of America,ZOLLER Inc.,https://www.zoller.info/us,info@zoller.info,,"ZOLLER is the global leader in tool presetting, measuring, inspection, balancing, shrinking, automation and tool management technology. The third-generation, family-owned company has provided state-of-the-art solutions for the complete management of "
Taiwan R.O.C.,"ZONG YIH RUBBER INDUSTRIAL CO., LTD.",https://www.zonrubber.com,zon@zon.com.tw,,"Zong Yih Rubber has 46 years of manufacturing experience and is Asia's leading rubber part manufacturer. We specialize in high-quality rubber and rubber-metal bonded parts, including anti-vibration parts, grommets, bellows, hoses, seals, gaskets, buf"
